id,sequence,known_structure_dotbracket,source,length,topology_class
synth_hairpin_001,GCAAUAUUGC,(((....))),synthetic,10,nested
synth_hairpin_002,GCAAUAUAUGC,(((.....))),synthetic,11,nested
synth_hairpin_003,GCAAUAUAUUGC,(((......))),synthetic,12,nested
synth_hairpin_004,GCAUAUAUAUGC,((((....)))),synthetic,12,nested
synth_hairpin_005,GCAUAUAUAAUGC,((((.....)))),synthetic,13,nested
synth_hairpin_006,GCAUAUAUAUAUGC,((((......)))),synthetic,14,nested
synth_hairpin_007,GCAUGAUAUCAUGC,(((((....))))),synthetic,14,nested
synth_hairpin_008,GCAUGAUAUACAUGC,(((((.....))))),synthetic,15,nested
synth_hairpin_009,GCAUGAUAUAUCAUGC,(((((......))))),synthetic,16,nested
synth_hairpin_010,GCAUGCAUAUGCAUGC,((((((....)))))),synthetic,16,nested
synth_hairpin_011,GCAUGCAUAUAGCAUGC,((((((.....)))))),synthetic,17,nested
synth_hairpin_012,GCAUGCAUAUAUGCAUGC,((((((......)))))),synthetic,18,nested
rna_strand_001,GCAUAUAUAAUGCUGCAAUAUAUGC,((((.....)))).(((.....))),RNA STRAND,25,nested
rna_strand_002,GCAAUUAUAAUUAGC,((.((....))..)),RNA STRAND,15,nested
rna_strand_003,GCAAUAUAUGCUAUAGCAUAUAUUGC,(((.....(((....))).....))),RNA STRAND,26,nested
rna_strand_004,GCAUGAUAUAUAUCAUGC,(((((........))))),RNA STRAND,18,nested
rna_strand_005,GCAAUUGAUAUACAUACAUAUAUAUGUAUGC,(((..((.....))..((......))..))),RNA STRAND,31,nested
