distance,decoder,rho_bin,logical_failure_rate,p50_us,p95_us,p99_us,samples,rho_mid
3.0,bp_osd,"(-0.001, 0.025]",0.0,25.0,44.8,71.10699999999997,8994,0.012
3.0,bp_osd,"(0.025, 0.05]",0.009329940627650551,70.3,96.61500000000001,152.38599999999997,2358,0.037500000000000006
3.0,bp_osd,"(0.075, 0.1]",0.014142453072769349,70.2,106.0,207.74399999999986,3889,0.0875
3.0,bp_osd,"(0.1, 0.125]",0.0592469545957918,79.8,207.575,275.30500000000006,1806,0.1125
3.0,bp_osd,"(0.15, 0.175]",0.11529766390354182,88.0,242.04000000000002,329.214,1327,0.16249999999999998
3.0,bp_osd,"(0.2, 0.225]",0.1679160419790105,115.4,251.1099999999999,344.0740000000013,667,0.21250000000000002
3.0,bp_osd,"(0.225, 0.25]",0.18373493975903615,148.2,272.73999999999995,383.807,332,0.2375
3.0,bp_osd,"(0.275, 0.3]",0.2462686567164179,155.65,300.7099999999998,454.0989999999996,134,0.2875
3.0,bp_osd,"(0.325, 0.35]",0.35294117647058826,224.7,268.45000000000005,326.1,51,0.3375
3.0,bp_osd,"(0.35, 0.375]",0.48,228.8,338.75999999999976,381.09999999999997,25,0.3625
3.0,bp_osd,"(0.4, 0.425]",0.45454545454545453,239.7,356.45,422.09000000000003,11,0.4125
3.0,bp_osd,"(0.45, 0.475]",0.5,208.15,320.51499999999993,329.62299999999993,4,0.4625
3.0,bp_osd,"(0.475, 0.5]",0.0,216.75,245.505,248.06099999999998,2,0.4875
3.0,mwpm,"(-0.001, 0.025]",0.0,6.1,30.2,43.10699999999997,8994,0.012
3.0,mwpm,"(0.025, 0.05]",0.009329940627650551,18.2,33.9,46.48599999999997,2358,0.037500000000000006
3.0,mwpm,"(0.075, 0.1]",0.014399588583183338,18.6,34.16,56.435999999999964,3889,0.0875
3.0,mwpm,"(0.1, 0.125]",0.04318936877076412,29.8,36.6,54.06000000000004,1806,0.1125
3.0,mwpm,"(0.15, 0.175]",0.06857573474001508,30.4,38.710000000000015,52.6,1327,0.16249999999999998
3.0,mwpm,"(0.2, 0.225]",0.12293853073463268,31.6,41.8,57.674000000000035,667,0.21250000000000002
3.0,mwpm,"(0.225, 0.25]",0.12048192771084337,32.7,48.09499999999999,72.36499999999998,332,0.2375
3.0,mwpm,"(0.275, 0.3]",0.27611940298507465,34.3,45.504999999999995,56.857999999999905,134,0.2875
3.0,mwpm,"(0.325, 0.35]",0.1568627450980392,33.9,41.3,55.050000000000004,51,0.3375
3.0,mwpm,"(0.35, 0.375]",0.24,37.7,45.239999999999995,46.56399999999999,25,0.3625
3.0,mwpm,"(0.4, 0.425]",0.36363636363636365,35.0,41.849999999999994,42.29,11,0.4125
3.0,mwpm,"(0.45, 0.475]",0.75,34.45,48.01,49.282,4,0.4625
3.0,mwpm,"(0.475, 0.5]",0.5,37.95,45.01499999999999,45.642999999999994,2,0.4875
3.0,mwpm_correlated,"(-0.001, 0.025]",0.0,6.1,30.1,35.6,8994,0.012
3.0,mwpm_correlated,"(0.025, 0.05]",0.009329940627650551,16.8,36.01500000000001,46.57199999999993,2358,0.037500000000000006
3.0,mwpm_correlated,"(0.075, 0.1]",0.014399588583183338,17.2,36.9,45.81199999999998,3889,0.0875
3.0,mwpm_correlated,"(0.1, 0.125]",0.03986710963455149,19.15,41.775,54.15000000000005,1806,0.1125
3.0,mwpm_correlated,"(0.15, 0.175]",0.07083647324792766,20.9,44.07000000000001,63.25000000000002,1327,0.16249999999999998
3.0,mwpm_correlated,"(0.2, 0.225]",0.10944527736131934,23.6,49.36999999999999,59.44600000000006,667,0.21250000000000002
3.0,mwpm_correlated,"(0.225, 0.25]",0.15060240963855423,29.200000000000003,50.145,82.76599999999999,332,0.2375
3.0,mwpm_correlated,"(0.275, 0.3]",0.19402985074626866,41.2,57.95999999999999,80.98899999999979,134,0.2875
3.0,mwpm_correlated,"(0.325, 0.35]",0.1568627450980392,33.3,52.349999999999994,52.85,51,0.3375
3.0,mwpm_correlated,"(0.35, 0.375]",0.16,45.5,62.559999999999995,64.264,25,0.3625
3.0,mwpm_correlated,"(0.4, 0.425]",0.2727272727272727,48.5,66.75,72.23,11,0.4125
3.0,mwpm_correlated,"(0.45, 0.475]",0.5,58.95,64.435,64.807,4,0.4625
3.0,mwpm_correlated,"(0.475, 0.5]",1.0,64.35,66.285,66.457,2,0.4875
3.0,union_find,"(-0.001, 0.025]",0.0,20.4,42.3,62.541999999999824,8994,0.012
3.0,union_find,"(0.025, 0.05]",0.07845631891433417,68.85,143.5,199.84999999999917,2358,0.037500000000000006
3.0,union_find,"(0.075, 0.1]",0.08871175109282592,71.3,153.73999999999998,247.24399999999986,3889,0.0875
3.0,union_find,"(0.1, 0.125]",0.1699889258028793,96.9,226.575,285.47,1806,0.1125
3.0,union_find,"(0.15, 0.175]",0.22682743029389602,123.5,270.24,425.30000000000007,1327,0.16249999999999998
3.0,union_find,"(0.2, 0.225]",0.32083958020989506,145.4,304.6,389.83200000000033,667,0.21250000000000002
3.0,union_find,"(0.225, 0.25]",0.35240963855421686,165.25,325.055,401.13399999999996,332,0.2375
3.0,union_find,"(0.275, 0.3]",0.3208955223880597,196.5,342.775,454.0719999999996,134,0.2875
3.0,union_find,"(0.325, 0.35]",0.43137254901960786,206.1,419.75,476.45000000000005,51,0.3375
3.0,union_find,"(0.35, 0.375]",0.56,192.0,472.0599999999998,564.4119999999998,25,0.3625
3.0,union_find,"(0.4, 0.425]",0.45454545454545453,250.2,391.65,445.13000000000005,11,0.4125
3.0,union_find,"(0.45, 0.475]",0.25,334.3,385.39,386.998,4,0.4625
3.0,union_find,"(0.475, 0.5]",1.0,688.3,975.04,1000.528,2,0.4875
5.0,bp_osd,"(-0.001, 0.025]",0.0005111167901865576,263.6,594.04,1132.732000000001,3913,0.012
5.0,bp_osd,"(0.025, 0.05]",0.002501705708437571,426.0,1601.08,1903.1399999999994,4397,0.037500000000000006
5.0,bp_osd,"(0.05, 0.075]",0.017778922958000515,632.6,1752.1,2477.7399999999984,3881,0.0625
5.0,bp_osd,"(0.075, 0.1]",0.038050314465408804,982.45,1967.4799999999996,2847.922,3180,0.0875
5.0,bp_osd,"(0.1, 0.125]",0.08442164179104478,1128.1,2120.6349999999993,3084.1690000000003,2144,0.1125
5.0,bp_osd,"(0.125, 0.15]",0.1514907332796132,1273.3,2418.7,3314.119999999999,1241,0.1375
5.0,bp_osd,"(0.15, 0.175]",0.18214936247723132,1403.7,2590.52,3372.879999999999,549,0.16249999999999998
5.0,bp_osd,"(0.175, 0.2]",0.3125,1513.35,2802.77,3610.838,224,0.1875
5.0,bp_osd,"(0.2, 0.225]",0.43636363636363634,1538.7,2765.17,4529.440000000002,55,0.21250000000000002
5.0,bp_osd,"(0.225, 0.25]",0.45454545454545453,1522.1,3203.45,3917.0100000000007,11,0.2375
5.0,bp_osd,"(0.25, 0.275]",0.6,1788.7,2320.14,2420.908,5,0.2625
5.0,mwpm,"(-0.001, 0.025]",0.0007666751852798365,20.1,36.9,57.3,3913,0.012
5.0,mwpm,"(0.025, 0.05]",0.002501705708437571,23.5,42.83999999999996,58.927999999999976,4397,0.037500000000000006
5.0,mwpm,"(0.05, 0.075]",0.01030662200463798,33.0,48.9,69.13999999999996,3881,0.0625
5.0,mwpm,"(0.075, 0.1]",0.0220125786163522,36.1,54.9,82.48400000000002,3180,0.0875
5.0,mwpm,"(0.1, 0.125]",0.049440298507462684,39.5,59.7,78.85700000000001,2144,0.1125
5.0,mwpm,"(0.125, 0.15]",0.0862207896857373,43.6,65.9,94.85999999999972,1241,0.1375
5.0,mwpm,"(0.15, 0.175]",0.10200364298724955,46.7,74.88000000000001,94.952,549,0.16249999999999998
5.0,mwpm,"(0.175, 0.2]",0.21875,52.3,80.44,96.90600000000008,224,0.1875
5.0,mwpm,"(0.2, 0.225]",0.16363636363636364,56.5,82.11999999999999,87.696,55,0.21250000000000002
5.0,mwpm,"(0.225, 0.25]",0.18181818181818182,61.4,131.85,164.69000000000003,11,0.2375
5.0,mwpm,"(0.25, 0.275]",0.0,76.3,90.47999999999999,92.576,5,0.2625
5.0,mwpm_correlated,"(-0.001, 0.025]",0.0007666751852798365,26.4,51.5,70.81600000000009,3913,0.012
5.0,mwpm_correlated,"(0.025, 0.05]",0.001364566750056857,36.0,58.01999999999998,78.73199999999997,4397,0.037500000000000006
5.0,mwpm_correlated,"(0.05, 0.075]",0.007987632053594434,43.0,67.9,93.6199999999998,3881,0.0625
5.0,mwpm_correlated,"(0.075, 0.1]",0.01729559748427673,48.9,75.30499999999996,100.74700000000001,3180,0.0875
5.0,mwpm_correlated,"(0.1, 0.125]",0.03684701492537314,56.55,89.58499999999998,151.74900000000093,2144,0.1125
5.0,mwpm_correlated,"(0.125, 0.15]",0.0684931506849315,64.6,101.1,135.5199999999999,1241,0.1375
5.0,mwpm_correlated,"(0.15, 0.175]",0.09107468123861566,72.9,115.52000000000001,211.87199999999976,549,0.16249999999999998
5.0,mwpm_correlated,"(0.175, 0.2]",0.17857142857142858,84.35,124.91999999999999,204.33400000000006,224,0.1875
5.0,mwpm_correlated,"(0.2, 0.225]",0.18181818181818182,95.5,138.88,145.452,55,0.21250000000000002
5.0,mwpm_correlated,"(0.225, 0.25]",0.0,101.7,148.95,157.23000000000002,11,0.2375
5.0,mwpm_correlated,"(0.25, 0.275]",0.0,145.8,162.72,165.904,5,0.2625
5.0,union_find,"(-0.001, 0.025]",0.0020444671607462305,257.6,488.43999999999994,675.0200000000002,3913,0.012
5.0,union_find,"(0.025, 0.05]",0.03002046850125085,431.4,889.3399999999998,1335.9479999999999,4397,0.037500000000000006
5.0,union_find,"(0.05, 0.075]",0.09172893584127802,668.6,1483.8,2363.559999999997,3881,0.0625
5.0,union_find,"(0.075, 0.1]",0.1889937106918239,960.6500000000001,2121.47,2927.6250000000014,3180,0.0875
5.0,union_find,"(0.1, 0.125]",0.26259328358208955,1326.4,2696.2449999999994,3921.150000000004,2144,0.1125
5.0,union_find,"(0.125, 0.15]",0.33279613215149073,1744.3,3486.6,5291.639999999977,1241,0.1375
5.0,union_find,"(0.15, 0.175]",0.3697632058287796,2192.4,4334.36,5613.091999999997,549,0.16249999999999998
5.0,union_find,"(0.175, 0.2]",0.42857142857142855,2549.65,4869.67,7012.267000000002,224,0.1875
5.0,union_find,"(0.2, 0.225]",0.509090909090909,3181.5,4847.509999999999,5759.148000000001,55,0.21250000000000002
5.0,union_find,"(0.225, 0.25]",0.5454545454545454,3477.1,5088.450000000001,5383.13,11,0.2375
5.0,union_find,"(0.25, 0.275]",0.0,3493.5,5640.659999999999,6042.451999999999,5,0.2625
7.0,bp_osd,"(-0.001, 0.025]",0.0,1346.4,5430.38,7377.134000000001,1959,0.012
7.0,bp_osd,"(0.025, 0.05]",0.0007577671129072998,2562.8,6732.239999999997,9346.382000000001,3959,0.037500000000000006
7.0,bp_osd,"(0.05, 0.075]",0.009409190371991246,4445.4,7761.625,10323.93500000002,4570,0.0625
7.0,bp_osd,"(0.075, 0.1]",0.03854932792290135,5020.7,8267.3,11765.507999999994,3943,0.0875
7.0,bp_osd,"(0.1, 0.125]",0.08686376104846083,5484.1,8898.9,11731.939999999997,3281,0.1125
7.0,bp_osd,"(0.125, 0.15]",0.16830985915492958,5922.200000000001,10032.949999999999,14889.33199999999,1420,0.1375
7.0,bp_osd,"(0.15, 0.175]",0.2556390977443609,6253.4,9948.329999999994,14687.506,399,0.16249999999999998
7.0,bp_osd,"(0.175, 0.2]",0.375,6524.15,14144.004999999986,40494.68499999985,64,0.1875
7.0,bp_osd,"(0.2, 0.225]",0.0,6779.75,7701.349999999999,7799.629999999999,4,0.21250000000000002
7.0,bp_osd,"(0.225, 0.25]",0.0,4413.2,4413.2,4413.2,1,0.2375
7.0,mwpm,"(-0.001, 0.025]",0.0,32.7,53.0,74.76200000000009,1959,0.012
7.0,mwpm,"(0.025, 0.05]",0.0,37.0,59.709999999999994,86.14200000000001,3959,0.037500000000000006
7.0,mwpm,"(0.05, 0.075]",0.004814004376367615,43.5,86.0,127.76200000000009,4570,0.0625
7.0,mwpm,"(0.075, 0.1]",0.020796347958407305,47.4,107.16999999999989,153.22199999999992,3943,0.0875
7.0,mwpm,"(0.1, 0.125]",0.0487656202377324,44.5,119.9,165.69999999999965,3281,0.1125
7.0,mwpm,"(0.125, 0.15]",0.0823943661971831,43.7,133.52499999999998,186.31199999999973,1420,0.1375
7.0,mwpm,"(0.15, 0.175]",0.16791979949874686,48.8,130.21999999999997,197.8659999999995,399,0.16249999999999998
7.0,mwpm,"(0.175, 0.2]",0.15625,53.85,154.485,302.70799999999986,64,0.1875
7.0,mwpm,"(0.2, 0.225]",0.25,68.19999999999999,72.86,73.292,4,0.21250000000000002
7.0,mwpm,"(0.225, 0.25]",0.0,61.6,61.6,61.6,1,0.2375
7.0,mwpm_correlated,"(-0.001, 0.025]",0.0,31.6,59.31999999999998,85.23600000000006,1959,0.012
7.0,mwpm_correlated,"(0.025, 0.05]",0.00025258903763576663,45.5,88.80999999999999,128.61400000000012,3959,0.037500000000000006
7.0,mwpm_correlated,"(0.05, 0.075]",0.0024070021881838076,64.0,130.85500000000002,189.02400000000017,4570,0.0625
7.0,mwpm_correlated,"(0.075, 0.1]",0.011159015977681968,77.1,159.43999999999977,227.06999999999988,3943,0.0875
7.0,mwpm_correlated,"(0.1, 0.125]",0.0332215787869552,82.6,175.9,265.03999999999985,3281,0.1125
7.0,mwpm_correlated,"(0.125, 0.15]",0.061971830985915494,90.5,191.915,302.6369999999996,1420,0.1375
7.0,mwpm_correlated,"(0.15, 0.175]",0.09523809523809523,101.3,191.0299999999999,263.5099999999999,399,0.16249999999999998
7.0,mwpm_correlated,"(0.175, 0.2]",0.203125,121.05000000000001,196.5699999999999,219.0119999999999,64,0.1875
7.0,mwpm_correlated,"(0.2, 0.225]",0.5,146.14999999999998,183.23,187.046,4,0.21250000000000002
7.0,mwpm_correlated,"(0.225, 0.25]",0.0,216.0,216.0,216.0,1,0.2375
7.0,union_find,"(-0.001, 0.025]",0.002041858090862685,985.3,1818.3199999999993,2517.6780000000012,1959,0.012
7.0,union_find,"(0.025, 0.05]",0.02374336953776206,1581.9,3496.159999999999,5998.2600000000075,3959,0.037500000000000006
7.0,union_find,"(0.05, 0.075]",0.09868708971553611,2963.2,7237.620000000001,13039.426000000009,4570,0.0625
7.0,union_find,"(0.075, 0.1]",0.22673091554653818,5472.1,12239.45999999999,23609.559999999976,3943,0.0875
7.0,union_find,"(0.1, 0.125]",0.34410240780249923,8751.1,17350.1,25743.05999999997,3281,0.1125
7.0,union_find,"(0.125, 0.15]",0.4140845070422535,12751.900000000001,24032.25,33821.152999999984,1420,0.1375
7.0,union_find,"(0.15, 0.175]",0.47869674185463656,16187.1,32636.54,40066.873999999974,399,0.16249999999999998
7.0,union_find,"(0.175, 0.2]",0.40625,22022.55,38580.385,82192.55299999975,64,0.1875
7.0,union_find,"(0.2, 0.225]",0.75,24132.55,37484.35,38739.67,4,0.21250000000000002
7.0,union_find,"(0.225, 0.25]",0.0,40819.3,40819.3,40819.3,1,0.2375
9.0,bp_osd,"(-0.001, 0.025]",0.0,5410.3,13573.16,15903.083999999997,1273,0.012
9.0,bp_osd,"(0.025, 0.05]",0.0007033997655334115,11310.9,15412.759999999995,20679.663999999997,4265,0.037500000000000006
9.0,bp_osd,"(0.05, 0.075]",0.006156119182467373,13081.0,19000.8,24565.740000000005,4061,0.0625
9.0,bp_osd,"(0.075, 0.1]",0.03160112359550562,13811.95,20439.20499999999,25604.987,4272,0.0875
9.0,bp_osd,"(0.1, 0.125]",0.0941358024691358,14435.45,21534.1,28176.05400000001,3888,0.1125
9.0,bp_osd,"(0.125, 0.15]",0.2023086269744836,15089.05,22293.925000000003,27429.539999999994,1646,0.1375
9.0,bp_osd,"(0.15, 0.175]",0.30158730158730157,16069.3,23013.3,31942.50800000001,189,0.16249999999999998
9.0,bp_osd,"(0.175, 0.2]",0.3333333333333333,16706.0,27741.95,29886.390000000003,6,0.1875
9.0,mwpm,"(-0.001, 0.025]",0.0,42.1,62.41999999999996,91.01599999999995,1273,0.012
9.0,mwpm,"(0.025, 0.05]",0.00023446658851113716,49.3,77.2,115.6319999999996,4265,0.037500000000000006
9.0,mwpm,"(0.05, 0.075]",0.0017237133710908644,62.1,99.5,131.48000000000005,4061,0.0625
9.0,mwpm,"(0.075, 0.1]",0.013342696629213483,80.45,150.65999999999985,228.62199999999993,4272,0.0875
9.0,mwpm,"(0.1, 0.125]",0.041666666666666664,101.9,206.2949999999999,297.81300000000005,3888,0.1125
9.0,mwpm,"(0.125, 0.15]",0.11239368165249089,124.95,264.825,418.89499999999896,1646,0.1375
9.0,mwpm,"(0.15, 0.175]",0.164021164021164,151.2,318.42,403.6360000000002,189,0.16249999999999998
9.0,mwpm,"(0.175, 0.2]",0.16666666666666666,192.75,417.45,467.41,6,0.1875
9.0,mwpm_correlated,"(-0.001, 0.025]",0.0,62.9,113.03999999999998,169.95199999999997,1273,0.012
9.0,mwpm_correlated,"(0.025, 0.05]",0.0,84.9,143.5199999999999,206.01999999999936,4265,0.037500000000000006
9.0,mwpm_correlated,"(0.05, 0.075]",0.0007387343018960847,122.3,205.0,305.00000000000006,4061,0.0625
9.0,mwpm_correlated,"(0.075, 0.1]",0.006320224719101123,174.05,326.4299999999997,448.93199999999996,4272,0.0875
9.0,mwpm_correlated,"(0.1, 0.125]",0.023662551440329218,232.9,410.45499999999976,555.5290000000003,3888,0.1125
9.0,mwpm_correlated,"(0.125, 0.15]",0.056500607533414335,288.05,476.75,618.7299999999997,1646,0.1375
9.0,mwpm_correlated,"(0.15, 0.175]",0.1164021164021164,355.0,605.38,1011.6920000000006,189,0.16249999999999998
9.0,mwpm_correlated,"(0.175, 0.2]",0.0,385.8,622.575,640.6750000000001,6,0.1875
9.0,union_find,"(-0.001, 0.025]",0.0007855459544383347,2653.4,4801.439999999996,9677.755999999948,1273,0.012
9.0,union_find,"(0.025, 0.05]",0.016881594372801876,4237.0,10112.939999999997,19082.139999999934,4265,0.037500000000000006
9.0,union_find,"(0.05, 0.075]",0.14528441270623,10862.0,29894.3,113997.48000000008,4061,0.0625
9.0,union_find,"(0.075, 0.1]",0.31226591760299627,27528.75,59822.369999999995,423293.1059999996,4272,0.0875
9.0,union_find,"(0.1, 0.125]",0.4074074074074074,50137.15,87012.34499999997,723162.7640000011,3888,0.1125
9.0,union_find,"(0.125, 0.15]",0.468408262454435,73955.1,121687.02500000001,983397.5949999995,1646,0.1375
9.0,union_find,"(0.15, 0.175]",0.5079365079365079,99805.3,152802.8,1001603.6320000003,189,0.16249999999999998
9.0,union_find,"(0.175, 0.2]",0.5,135961.75,183521.7,191074.50000000003,6,0.1875
